Title,Post Text,ID,Score,Total Comments,Post URL
Kengan Omega Ch. 191 (Comikey),,1035qrj,985,591,https://comikey.com/read/kengan-omega-manga/elX8ne/chapter-191/
Kengan Omega Ch. 193 (Comikey),,10f9fkk,932,539,https://comikey.com/read/kengan-omega-manga/eb3j1o/chapter-193/
Congrats but also chill ðŸ˜­,,10f9wte,739,96,https://i.redd.it/ea7n1vuo1vca1.jpg
Kengan Omega Ch. 190 (Comikey),,zxboi6,722,447,https://comikey.com/read/kengan-omega-manga/DzQ2pk/chapter-190/
Kengan Omega Ch. 192 (Comikey),,1096s6w,716,302,https://comikey.com/read/kengan-omega-manga/DvEGdk/chapter-192/
"I began reading Kengan recently and drew my first piece of fan art, have mercy lads",,zyvnxd,673,43,https://www.reddit.com/gallery/zyvnxd
Kengan Omega Ch. 194 (Comikey),,10l0l5w,731,515,https://comikey.com/read/kengan-omega-manga/ordbLD/chapter-194/
Ryuki and horrible role models fanart.,,109m9ii,645,39,https://i.redd.it/erlkw3k63kba1.jpg
Jokes on you Raian,,1035u5o,640,85,https://i.redd.it/7yg5yxjj23aa1.jpg
The Eddie nerf debate has been settled,,109sxz9,617,196,https://i.redd.it/suwg401qplba1.jpg
This man just kept surprising me throughout Ashura...,,10kgz56,604,43,https://i.redd.it/c3bhtjle72ea1.jpg
NO FUCKING WAY LMAO,,1035p6z,591,144,https://i.redd.it/nguzpntyj1aa1.jpg
"It wasn't a fighter he was seeking, Kuroki realized, but students.",,10dihhk,586,60,https://i.redd.it/iszdd4hjjfca1.png
Most underrated panel in the entire manga,,106uqr4,561,82,https://i.redd.it/sw3i7cxehxaa1.png
"The Kengan Fanzine is out!!! including a Daromeon interview, amazing fanart and lots of great stories!(link below)",,103kpiz,539,39,https://i.redd.it/2vhto2xmy5aa1.jpg
how strong this mf gonna be ðŸ’€,,104ue87,530,136,https://i.redd.it/v7i8jiwrefaa1.png
Am I the ONLY one who likes this very underappreciated panel? I think people should post about how underrated it is more often.,,107ds15,519,55,https://i.imgur.com/VlAaXcB.jpg
.,,10avvqg,507,24,https://i.redd.it/sdg1jawy3vba1.jpg
Kengan Omega Vol. 15 Extras,,10bqn5t,502,188,https://cubari.moe/read/imgur/FpCf5iw/1/1/
"I support Lihito in the finals to death, I unironically believe he had a great development",,104grgi,501,83,https://i.redd.it/97flj43eadaa1.png
Be prepared for the new S tier â€œhimuro at the insideâ€ or â€œinside himuroâ€,,10g2gbh,496,93,https://i.redd.it/g4tjjq8ks1da1.jpg
Daros training payed off.(Doom slayer in kengan style),,1061btk,491,40,https://www.reddit.com/gallery/1061btk
THEY SAID THE THING!!!!!!!!!!!!!!,,1096zpy,484,25,https://i.redd.it/wl4ppjfh1hba1.jpg
Reminder that Rei is canonically the ultimate male in Kengan,,10k52na,481,83,https://i.redd.it/23xvn6ch71ea1.jpg
DAMN LMAOOOO FOLDING 101,,10f9zwt,476,7,https://i.redd.it/186tsd28ktca1.png
The boys got a big bonus,,10fbcmr,477,38,https://i.redd.it/l6fpaiueutca1.png
just found this,,10ckaxy,473,34,https://i.redd.it/wfxv54id69ca1.jpg
"Rihito, Slicing and piercing, fanart",,10bvdfu,467,37,https://i.redd.it/pssx0gyje3ca1.jpg
I've been thinking guy. Ryuki has the worse record in Kengan.,,10482id,469,69,https://i.redd.it/dgs5csmrkbaa1.png
"Happy Birthday, January 12, Nikaido Ren.",,10a2528,460,19,https://www.reddit.com/gallery/10a2528
AHHHHHH I CANNOT CONTAIN THE STRICTNESS ANY LONGER,,1099bu0,453,9,https://i.redd.it/rmi062jsihba1.jpg
Kengan Wednesday became Kengan Friday this week,,108yjw2,450,72,https://i.redd.it/83yzjmisoeba1.jpg
What's your favourite Kazzy moment?,,10hr18d,449,37,https://i.imgur.com/Vs9jALb.jpg
"My brothers wake up, The Strongest Kengan character just get leaked in Family Guy.",,106nbjx,443,26,https://i.redd.it/gczas2f7juaa1.png
I can't be the only one who thought this,,10f9qld,426,82,https://www.reddit.com/gallery/10f9qld
Getting stabbed in the neck: chad vs virgin,,102l7kg,429,89,https://i.imgur.com/ItZxA5D.jpg
">Wakatsuki: ""I HATE THE NIKO STYLE I HATE THE NIKO STYLE!""",,1096vk0,418,45,https://i.redd.it/6v4nnxvzifba1.png
OMG Kengan fans meeting!!!,,106cpsq,421,51,https://i.redd.it/dkfziy9s8taa1.jpg
"Rolon enters the KAT and faces Ohma's Bracket, how far does he go?",,100lzop,419,112,https://i.redd.it/g2bcgndesh9a1.jpg
title,,zw8cjr,419,26,https://i.redd.it/jkn6zhl1af8a1.jpg
AY AY AYYYYYYYY,,10f9feg,411,33,https://i.redd.it/2gxul1ingtca1.jpg
Kengan Omegaâ€™s fanart by @sbsbmanjugani on Twitter,,zzhv0g,419,12,https://www.reddit.com/gallery/zzhv0g
He looks quite happy about the results,Seeing the Niko style defeated sure works wonders for improving his mood,10f9nhv,409,32,https://i.imgur.com/W48JcFw.jpg
Can we stop calling Demonsbane on Waka an asspull or plot armor. The training had 2 chapters dedicated to it and was used on Kiryu and Ranjo. Far from an asspull.,,zz5iqo,400,112,https://i.redd.it/ehk1lbyfy39a1.png
Can ya blame him though?,,1073hpz,405,84,https://www.reddit.com/gallery/1073hpz
"Base Fei vs Peak Hatsumi, KAT Rules. Who you got?",,10b67id,395,85,https://i.imgur.com/HlZ5MMp.jpg
yamashita trading co at the beach (by me),,10h860p,384,25,https://i.redd.it/l6rhi9pfj9da1.png
I'm seeing a pattern here,,10ht6oa,381,32,https://i.redd.it/ck57sx5uveda1.png
"Jesus Christ guys, I think the minibar ran out of booze",,1035tnz,377,50,https://i.redd.it/l9fnx4bwk1aa1.jpg
How Adam vs Ryuki could have easily gone,,10kx2ri,433,53,https://www.reddit.com/gallery/10kx2ri
low quality but accurate meme,,10ia51d,372,26,https://i.redd.it/oxqkwt89lida1.jpg
happy new year from all of us to you,,zznjpn,374,22,https://i.redd.it/e3et5q6xy79a1.jpg
What Tier are we placing Rihito in now?,,10f9rsm,368,146,https://i.redd.it/gbn64px3jtca1.png
Today is the day! Here is to the potential banger that is The Inside Arc!,,10kwxqk,396,29,https://i.redd.it/5rkdewsgz7ea1.jpg
Random kengan doodles,,10657u8,368,28,https://www.reddit.com/gallery/10657u8
What the hell did Kanoh do here?,,zzkec8,367,93,https://i.redd.it/7hnl2nab479a1.jpg
"Finally, proper Kengan translations",,10c6ags,365,44,https://i.redd.it/qjh4hgdde5ca1.png
Koga during his next fight fanart. + based daro response,,108r9j1,367,20,https://www.reddit.com/gallery/108r9j1
I received a package today,,1089u63,363,35,https://www.reddit.com/gallery/1089u63
"Underrated panel on my opinion, love how intimidating Muteba is",,10kcx06,356,31,https://i.redd.it/6mrhir2vw2ea1.jpg
please guys think,,10d3b01,364,15,https://i.redd.it/8rvjk77i4dca1.png
A panel with lots of emotions behind it.,,10jk5y4,358,75,https://i.redd.it/msjzqkjzrvda1.png
"the debate is over, this is the best feat in the verse",,10jpf0c,352,33,https://i.redd.it/rdiae1d5cvda1.png
What would you consider to be the smartest play in the series thus far?,,10gkreb,356,123,https://i.redd.it/0iahd4d4h5da1.jpg
Would love to see Bottom condition Hatsumi having and extremely difficult fight against some jobber,,105vfpm,345,58,https://i.redd.it/seng1olodpaa1.png
I swear to fucking god I thought it was going to be Demonsbane,,zxbsqv,349,73,https://i.redd.it/kkspjno9mn8a1.jpg
So how well will this extra age?,,10ah6sa,341,42,https://i.redd.it/1nqgp46f8rba1.jpg
Kengan Omega fights in a nutshell,,107s9tc,337,40,https://i.redd.it/3t3t1bzfg3ba1.png
His strength was unfathomable.,,zwodzd,343,26,https://i.redd.it/six2rs6rwh8a1.png
A while ago I said Fei's feat of throwing Wakatsuki with a punch wasn't as big a deal as people were making and characters like Raian could do it. You all called me crazy.,,10eikf7,335,123,https://i.redd.it/9zowvm35ooca1.jpg
Do you think Hanafusa or somebody else really removed these bombs from Hayami's brain and heart?,,zx6v4u,340,51,https://i.redd.it/mhktyhqiwn8a1.png
Aren't those sonic booms?,,10bjg9a,336,46,https://i.redd.it/jb9gvh2zf0ca1.jpg
"Lolong ""Rolon"" Donaire vs a Sack of Potatoes - an in-depth analysis",,101mrgy,321,44,https://www.reddit.com/gallery/101mrgy
"Dust covers for KA Vol 6,7, and 8",,10fjhfz,326,75,https://www.reddit.com/gallery/10fjhfz
"When you saw this page, what do you think is going on? What is the emotion that I am feeling? Is this love?",,10h2hx2,317,53,https://i.redd.it/zex2kklcw9da1.jpg
ðŸ˜­Rereading while checking old comments really is something,,zy84kk,320,38,https://i.redd.it/7hwmxgqsvu8a1.png
Did Koga really deserved all the hate he's got? weren't we all cheering for him at this point?,,10gjuyv,315,155,https://i.redd.it/88m7iecw95da1.jpg
"""So, we're some sort of Inside Squad?""",,10f9ipg,312,31,https://i.redd.it/0rf4s0gbhtca1.jpg
The real Death Devil...,,1005ppt,310,17,https://i.redd.it/5wa6q45dbb9a1.png
My genuine reaction to the two possible timelines I will live.,,zxbbhb,307,32,https://i.redd.it/nhejivtiin8a1.png
Fuck Ohma and Lolong and take a look at this common Agito W what a gigachad,,10f5nu1,306,34,https://i.redd.it/ahl28l3n1uca1.jpg
"People keep on mentioning great panels, but they keep forgetting this iconic moment that defined the entire series.",,102nm45,306,14,https://i.redd.it/mjwxzazt0x9a1.jpg
Gaolang vs Saw Paing fanart collab,,10j1bcl,302,14,https://www.reddit.com/gallery/10j1bcl
Okubo fanart,,104b0b2,302,15,https://i.redd.it/u0s30hq85caa1.jpg
If lihito looses then waka is gonna say this in cannon,,109jb1d,299,60,https://i.redd.it/87ww9jdtgjba1.jpg
"This thing Waka does with his leg is so badass, really highlights his tenacity",,10dn0gh,297,68,https://www.reddit.com/gallery/10dn0gh
Day 784 of wondering whatever the fuck this was about.,,10gffsf,301,68,https://i.redd.it/8kgv5us5u2da1.jpg
"Everybody always talks about how old Waka looks, but look at fucking baby arms Akoya",,zwjdtf,298,40,https://i.redd.it/mj1sk75jci8a1.jpg
Who wins this battle of the fickle? Both in their best condition,,10a00u0,296,91,https://i.redd.it/xsgcq5wcrnba1.jpg
Fei fans when they need to provide any evidence to prove he could've beaten Wakatsuki anytime he wanted to ðŸ¥±,,1026n6d,286,108,https://i.redd.it/ku6g5fd23v9a1.jpg
I never understood what was happening here. was that decapitated guy the dude lolong was trying to protect and both the soldier and kuroki were trying to kill the same dude but kuroki unluckily ran into Lolong? Also there is literally chaos happening in the background how did they even keep fighting,,1031ymi,284,47,https://i.redd.it/xxqj6w9h52aa1.jpg
That last part was so fucking co-,,zy1r6o,285,40,https://i.redd.it/twzzb5q5ru8a1.jpg
in your opinion is kuroki lucky or unlucky that he never got to fight this guy?,,10dzuam,284,102,https://i.redd.it/pye7zij2iica1.png
title,,1016s9f,285,6,https://i.redd.it/xe6xekfr3l9a1.png
"Underrated panel, in my opinion. Clearly peak Daro.",,10kmyab,279,28,https://i.redd.it/64p6p4cf05ea1.jpg
This is what headcanon looks like,,10a0ppu,274,84,https://i.redd.it/6qfs7q4zwnba1.jpg
Was I wrong?,,10fa2jx,280,8,https://i.redd.it/0hbzejgdltca1.jpg
Julius lore,,10jeu9l,278,13,https://i.redd.it/y458xnnlpuda1.jpg
The sheer disappointment on their faces. RIP bozo.,,10fbkao,272,51,https://i.redd.it/h5ha3q3jdvca1.jpg
"""Who can put out the man's fighting spirit as he strives for victory?""",,102evgj,275,29,https://i.redd.it/znlwwxattw9a1.jpg
